1-Mar-20, 
1-Apr-20, 
1-May-20,
1-Jun-20,
1-Jul-20,
1-Aug-20,
1-Sep-20,
1-Oct-20,
1-Nov-20,
1-Dec-20,
1-Jan-21,
1-Feb-21,
1-Mar-21,
1-Apr-21,
1-May-21,
1-Jun-21,
1-Jul-21,
1-Aug-21,
1-Sep-21,
1-Oct-21,
1-Nov-21,
1-Dec-21,
1-Jan-22,
1-Feb-22,
1-Mar-22,
1-Apr-22,
1-May-22,
1-Jun-22,
1-Jul-22,
1-Aug-22,
1-Sep-22,
1-Oct-22,
1-Nov-22,
1-Dec-22,
1-Jan-23,
1-Feb-23,
1-Mar-23,
1-Apr-23,
1-May-23,
1-Jun-23,
1-Jul-23,
1-Aug-23,
1-Sep-23,
1-Oct-23,
1-Nov-23,
1-Dec-23,
1-Jan-24,
1-Feb-24,
1-Mar-24,
1-Apr-24,
1-May-24,
1-Jun-24,
1-Jul-24,
1-Aug-24,
1-Sep-24,
1-Oct-24,
1-Nov-24,
1-Dec-24,
1-Jan-25,
1-Feb-25,
